Nome, Email, Telefone, Endere√ßo
Red John, redjohn@example.com, 9999-9999, Sacramento California
Patrick Jane, patrickjane@example.com, 9888-7777, Los Angeles California
Jane Doe, janedoe@example.com, 9777-6666, Miami Florida
John Smith, johnsmith@example.com, 9666-5555, New York New York
Sarah Connor, sarahconnor@example.com, 9555-4444, Chicago Illinois
Bruce Wayne, brucewayne@example.com, 9444-3333, Gotham City
Clark Kent, clarkkent@example.com, 9333-2222, Metropolis
Peter Parker, peterparker@example.com, 9222-1111, Queens New York
Tony Stark, tonystark@example.com, 9111-0000, Malibu California
Steve Rogers, steverogers@example.com, 9000-9999, Brooklyn New York
Wanda Maximoff, wandamaximoff@example.com, 8999-8888, Sokovia
Natasha Romanoff, natasharomanoff@example.com, 8888-7777, Moscow Russia
Thor Odinson, thorodinson@example.com, 8777-6666, Asgard
Stephen Strange, stephenstrange@example.com, 8666-5555, Kamar-Taj
Bruce Banner, brucebanner@example.com, 8555-4444, New York New York
Vision, vision@example.com, 8444-3333, Wakanda
Hawkeye, hawkeye@example.com, 8333-2222, Barton Farm
Ant-Man, antman@example.com, 8222-1111, San Francisco California
Black Widow, blackwidow@example.com, 8111-0000, Budapest Hungary
Bucky Barnes, buckybarnes@example.com, 8000-9999, Wakanda
Nick Fury, nickfury@example.com, 7999-8888, Washington D.C.
Sam Wilson, samwilson@example.com, 7888-7777, Washington D.C.
Shang-Chi, shangchi@example.com, 7777-6666, San Francisco California
Loki, loki@example.com, 7666-5555, Jotunheim
Pepper Potts, pepperpotts@example.com, 7555-4444, Malibu California
Mantis, mantis@example.com, 7444-3333, Knowhere
Drax, drax@example.com, 7333-2222, Xandar
Gamora, gamora@example.com, 7222-1111, Gamora's Planet
Star-Lord, starlord@example.com, 7111-0000, Earth
Rocket Raccoon, rocketraccoon@example.com, 7000-9999, Earth
Groot, groot@example.com, 6999-8888, Earth
Doctor Strange, doctorstrange@example.com, 6888-7777, Kamar-Taj
Peter Quill, peterquill@example.com, 6777-6666, Earth
Mantis, mantis@example.com, 6666-5555, Earth
Nebula, nebula@example.com, 6555-4444, Earth
Hawkeye, hawkeye@example.com, 6444-3333, Earth
Black Panther, blackpanther@example.com, 6333-2222, Wakanda
Shuri, shuri@example.com, 6222-1111, Wakanda
Okoye, okoye@example.com, 6111-0000, Wakanda
Wong, wong@example.com, 6000-9999, Kamar-Taj
Scarlet Witch, scarletwitch@example.com, 5999-8888, Sokovia
Falcon, falcon@example.com, 5888-7777, Washington D.C.
Hawkeye, hawkeye@example.com, 5777-6666, New York New York
Black Widow, blackwidow@example.com, 5666-5555, Moscow Russia
Captain Marvel, captainmarvel@example.com, 5555-4444, Earth
Winter Soldier, wintersoldier@example.com, 5444-3333, Wakanda
Maria Hill, mariahill@example.com, 5333-2222, Washington D.C.
Nick Fury, nickfury@example.com, 5222-1111, Washington D.C.
Carol Danvers, caroldanvers@example.com, 5111-0000, Earth
Shang-Chi, shangchi@example.com, 5000-9999, San Francisco California
Black Widow, blackwidow@example.com, 4999-8888, Budapest Hungary
Star-Lord, starlord@example.com, 4888-7777, Earth
Thor Odinson, thorodinson@example.com, 4777-6666, Asgard
Groot, groot@example.com, 4666-5555, Earth
Iron Man, ironman@example.com, 4555-4444, Malibu California
Vision, vision@example.com, 4444-3333, Wakanda
Hawkeye, hawkeye@example.com, 4333-2222, Barton Farm
Doctor Strange, doctorstrange@example.com, 4222-1111, Kamar-Taj
Thor, thor@example.com, 4111-0000, Asgard
Wanda, wanda@example.com, 4000-9999, Sokovia
Black Panther, blackpanther@example.com, 3999-8888, Wakanda
Gamora, gamora@example.com, 3888-7777, Gamora's Planet
Spider-Man, spiderman@example.com, 3777-6666, Queens New York
Star-Lord, star-lord@example.com, 3666-5555, Earth
Loki, loki@example.com, 3555-4444, Asgard
Doctor Strange, doctorstrange@example.com, 3444-3333, Kamar-Taj
Rocket, rocket@example.com, 3333-2222, Knowhere
Ant-Man, antman@example.com, 3222-1111, San Francisco California
Falcon, falcon@example.com, 3111-0000, Washington D.C.
Black Widow, blackwidow@example.com, 3000-9999, Moscow Russia
Iron Man, ironman@example.com, 2999-8888, Malibu California
Hawkeye, hawkeye@example.com, 2888-7777, Barton Farm
Groot, groot@example.com, 2777-6666, Earth
Thor Odinson, thorodinson@example.com, 2666-5555, Asgard
Captain America, captainamerica@example.com, 2555-4444, Brooklyn New York
Shuri, shuri@example.com, 2444-3333, Wakanda
Vision, vision@example.com, 2333-2222, Wakanda
Wanda Maximoff, wandamaximoff@example.com, 2222-1111, Sokovia
Drax, drax@example.com, 2111-0000, Xandar
Hawkeye, hawkeye@example.com, 2000-9999, Barton Farm
Captain Marvel, captainmarvel@example.com, 1999-8888, Earth
Bucky Barnes, buckybarnes@example.com, 1888-7777, Wakanda
Black Panther, blackpanther@example.com, 1777-6666, Wakanda
Thor Odinson, thorodinson@example.com, 1666-5555, Asgard
